filename,runtime
mmp_syr2k_L_0.txt,0.4154777526855469
mmp_syr2k_L_1.txt,0.41575342416763306
mmp_syr2k_L_3.txt,0.4159960150718689
